model,cv_rmse_log_mean,cv_rmse_log_std,cv_folds,rank
RandomForest,0.6006710495466148,0.03288722208806348,5,1
CatBoost,0.6007847199026659,0.03341016417463425,5,2
XGBoost,0.6038046313385484,0.0382935800240701,5,3
LightGBM,0.6203187278292566,0.04669281194934609,5,4
GradientBoosting,0.623620254840545,0.033558413938738034,5,5
SVR,0.6465988171510451,0.03796620878799909,5,6
Ridge,0.9265201129488725,0.16822980016693492,5,7
Lasso,0.9856364580466754,0.19567895241339686,5,8
ElasticNet,1.0036897105269893,0.16761100979853388,5,9
